{
  "pageTitle": "About Celo: Learn more about Celo’s team",
  "description": "Meet the core contributors working on Celo and see our backer list.",
  "join": "Join us",
  "aboutUs": "About us",
  "ourTeam": "Our Team",
  "celoBackers": "Early Backers",
  "prosperityForAll": "Prosperity for All",
  "beautifulLifeQuote": "How do we change the world?\nChange the story.",
  "beautifulLifeSource": "Charles Eisenstein",
  "prosperityForAllMobile": "Prosperity\nfor All",
  "whatIfMoney": "What if money were beautiful?",
  "coreContributors": "Core Contributors",
  "InNoOrder": "In no particular order",
  "Engineering": "Engineering",
  "People": "People",
  "Communication": "Communication",
  "Design": "Design",
  "Community": "Community",
  "Business": "Business",
  "Press and Media": "Press and Media",
  "Media Inquiries": "For media inquiries, please contact us at ",
  "Finance": "Finance",
  "Engineering Intern": "Engineering Intern",
  "Go-to-Market": "Go-to-Market",
  "Operations": "Operations",
  "Product": "Product",
  "Legal": "Legal",
  "learnMore": "Learn More",
  "missionMeaning": "Mission & Meaning",
  "celoFoundation": "Celo Foundation", 
  "celoFoundationBelieves": "Believes in a future where everyone can prosper",
  "celoFoundationText": "The Celo Foundation is a non-profit organization based in the US that supports the growth and development of the open-source Celo Platform. Guided by the Celo community tenets, the Foundation contributes to education, technical research, environmental health, community engagement, and ecosystem outreach—activities that support and encourage an inclusive financial system that creates the conditions for prosperity for everyone.",
  "joinUsText": "We are growing a team with all kinds of different perspectives, experiences and backgrounds to create products that are used and loved by people all around the world.",
  "joinUsBtn": "JOIN US",
  "pressText": "For media inquiries, please contact us at",
  "MissionTitle": "Mission",
  "MissionText": "Our mission is to build a financial system that creates the conditions for prosperity—for everyone.",
  "MeaningTile": "Meaning",
  "MeaningText": "Celo, pronounced <0>{{phonetic}}</0>  <1/>\nmeans ‘purpose’ in Esperanto.",
  "MeaningCopy": "The spirit of Esperanto and auxiliary languages, is to equip speakers with a means to connect, engage, and build trust with someone who speaks a different native tongue.\n\nIn a similar spirit, we are aiming to create a new platform to connect people globally and bring financial stability to those who need it most. We believe blockchain technology is one of the most exciting innovations in recent history and as a team we look to push the boundaries of what is possible with it today.\n\nMore importantly, we are driven by purpose – to solve real-world problems such as lack of access to sound currency, or friction for cash-transfer programs aimed to alleviate poverty.",
  "SacredEconTitle": "Sacred Economics",
  "SacredEconText": "Celo’s philosophy is grounded in the work of Charles Eisenstein’s <0>Sacred Economics</0>.",
  "ValuesTitle": "Celo Values",
  "ValuesCopy": "Celo is founded on two core values: <0>unique purpose</0> and <0>connectedness</0>. These, in turn, lead to practices that foster personal growth and community.",
  "value1Title": "Unique Purpose",
  "value1Text": "We believe that everyone has their own unique path of growth, and that personal fulfilment depends in large part on being able to reach one’s potential along that path. We embrace values that enable people to grow towards their full potential.",
  "value2Title": "Connectedness",
  "value2Text": "We believe that people live primarily in connection to one another. We recognize that individuals are healthier and happier when they are members of a strong social community with meaningful relationships – that is, when they are living within a healthy and happy whole. We embrace values that strengthen community.",
  "teamTitle": "Contributors",
  "teamCopy": "Meet the contributors working on Celo from around the world. Our collective experience ranges from public and private sector, technology, nonprofits, and NGOs.",
  "celoBackersText": "Celo is supported by over {{count}} companies and individuals, including prominent venture funds, C-level operators, academics, and experts across a wide range of fields, including in no particular order",
  "theoryOfChangeTitle": "Theory Of Change",
  "theoryOfChangeText": "A theory of change is a framework that describes how short-term actions will lead to long-term social impact. Celo’s aim is to create the conditions for prosperity, defined as: people fulfilling basic needs, growing along their own unique paths, and supporting each other. All of Celo’s projects have a specific hypothesis that tie our activities to one or more of these indicators of prosperity."
}
