{
  "home": {
    "title": "Welcome to the Celo BrandKit",
    "introduction": "The Celo BrandKit includes resources to visually represent Celo and the mission of prosperity for all. The kit offers instructions and assets for community contributors to appropriately communicate Celo brand affiliation. By using the Celo brand consistently, we can connect in our shared purpose.",
    "useageTitle": "How to use this guide?",
    "useageText": "Shared norms and behaviors are the foundation of a beautiful community. Support the effort responsibly and uphold <0>Celo’s Code of Conduct.</0>",
    "importantRemember": "Important things to remember",
    "celoOwner": "Celo is the owner of all the brand assets and derivatives. You may not:",
    "celoOwnerBullets": "<0>Register the trademark, domain, Celo Brand Asset, or derivative</0><1>Modify Celo Brand Assets in any way such as by changing a design or color or adding words or elements</1>",
    "brandVoice": "Brand Voice",
    "brandVoiceText": "Words matter. Celo’s brand voice sounds as if you are writing or speaking to a friend. When writing and talking about Celo, please review the <0>Celo Brand Voice.</0>"
  
  },
  "logo": {
    "title": "Logo",
    "overviewCopy": "The Celo logo is a universal signature uniting community efforts and bringing prosperity to the world.",
    "overviewBtn": "Download Logo Package",
    "logoTitle": "Logo",
    "logoText": "The Celo logo is composed of a glyph and wordmark. All aspects of its construction are intentional, so please do not edit, change, distort, recolor, reconfigure, or rearrange the lockup of the logo.\n\nPlease use the full-color logo whenever possible.",
    "license": "The use of the Celo logo requires following the Celo Community Code of Conduct as provided <0>here.</0>",
    "glyphTitle": "Glyph",
    "glyphText": "Utilize the glyph when the full logo is too small to achieve maximum impact. It works best on Celo brand colors. Be sure to use the monochrome glyphs on other custom colors.",
    "fullColorOnLightCaption": "Full color logo for lighter backgrounds",
    "fullColorOnDarkCaption": "Full color logo for darker backgrounds",
    "monochromeCaption": "Monochrome logo",
    "monochromeInverseCaption": "Monochrome logo (inverse)",
    "spaceSizeTitle": "Space and Sizing",
    "sizeTitle": "Size",
    "sizeText": "The logo and glyph should not appear smaller than their minimum height of 24 pixels on digital displays or 8mm in print.",
    "clearspaceTitle": "Clearspace",
    "clearspaceText": "Clearspace is the protected area around the logo. This space must be kept free of all other graphics and text, including other logos. The Celo logo has allotted Clearspace based on the height of the “o” in Celo.  Please use the below image as a guide.",
    "backgroundsTitle": "Backgrounds",
    "backgroundsTextTop": "The Celo logo works best on these brand background colors.",
    "colorBackgroundsTitle": "Color Backgrounds",
    "colorBackgroundsText": "When it comes to applying the Celo brand to your own projects, the monochrome Celo logo works well on a variety of backgrounds. Use the dark logo on lighter backgrounds and the inverse logo on darker and more colorful backgrounds.",
    "darkLogoBackgroundText": "",
    "backgroundDoNotAndDo": "Do not overlay any of the logos of glyphs on top of images. Do not overlay the two-color logo ontop of unpreferred light colors."
  },
  "composition": {
    "title": "Composition",
    "headline": "Digital and print compositions fit within a grid that designers seldom break.",
    "alignmentTitle": "Alignment",
    "alignmentText": "Though there are many permutations of ways to organize typography and visual elements, we recommend the following alignment styles.",
    "gridTitle": "The Grid",
    "gridText": "Celo’s Design is anchored around a 4 part grid system where labels, titles, form UI and visual elements exist on the left while large bodies of content exist on the right.\n\nBetween each section of the grid, there is a gutter that organizes the hierarchy and comprehension of content.",
    "alignmentExampleTitle": "What we care about",
    "alignmentExampleSubtitle": "Innovating on Money",
    "alignmentExampleText": "We recognize that the features of money, like the features of any widely used technology, have a considerable impact on society."
  },
  "color": {
    "title": "Color",
    "headline": "The Celo color palette consistes of primary brand colors, accent colors, and grays.",
    "primaries": "Primary Brand Colors",
    "primariesText": "Primary brand colors are Celo Green, Celo Gold, Celo Dark, and Celo Light.\n\nCelo Green is used to denote value and action including communication and applications of the cUSD. Celo Gold is used more often when speaking to actions related to CELO like validation, proof of stake, and governance.\n\nCelo Dark and Celo Light are high contrast complementary colors, interchangeably switching between background and typography. Celo Dark has a tendency to represent technical content while Celo Light represents non-technical topics.",
    "accents": "Accent Colors",
    "accentsText": "Accent colors include violet, red, cyan, and blue.\n\nViolet, red, and cyan are colors that often represent alternative coins, projects, and personas in the ecosystem.\n\nBlue represents help within digital experiences like websites and mobile applications.",
    "grays": "Grays",
    "graysText": "Grays are used when hierarchy needs to be established. Use grays to visually communicate intended ranking of importance in Typography or UI.",
    "backgroundTitle": "Background Colors",
    "backgroundText": "Background colors function as canvases in which accent and brand colors can punctuate layout compositions.",
    "contrast": "Contrast",
    "contrastText": "For accessibility, choose high contrast color combinations when laying out text.",
    "contrastText2": "For best results, we recommend following these dos and don’ts:"
  },
  "typography": {
    "title": "Typography",
    "headline": "The Celo fonts were intentionally chosen to speak to Celo’s Approachable and Academic brand principles. To honor both energies and compliment a broader range of expression, a serif and a sans serif font were chosen.",
    "facesTitle": "Typefaces",
    "facesText": "Celo uses open-source fonts in order for community members to download, build, and design Celo branded material.\n\nRefer to the <0>philosophy</0> and guidelines below when building a project on Celo",
    "downloadAllBTN": "Download Fonts",
    "mainFontTitle": "This is Garamond,\nthe Celo brand typeface.",
    "mainFontText": "EB Garamond represents our Academic brand principle described as timeless and professional. It is an appropriate formal visual tone for education and declaration.\n\nUse EB Garamond for the majority of titles and paragraphs",
    "subFontTitle": "This is Jost*, our supporting font.",
    "subFontText": "Jost*’s geometric form functions as an approachable compliment to EB Garamond. It is used more sparingly and speaks to the typography found in the logo and the round shapes in the illustrations.\n\nUse Jost* for call to actions, diagrams, instructions, and infographics.",
    "typescaleTitle": "Type Scale",
    "typescaleText": "For typographic hierarchy, we recommend the following type scale.",
    "examplesTitle": "Usage Examples",
    "h1Example": "Main Title",
    "h2Example": "Article Title",
    "h3Example": "Section Title",
    "h4Example": "Subtitle / larger text that is one size larger than the body, lorem ipsum dolor sit amet, consectetuer adipiscing elit. Aenean commodo ligula eget dolor.",
    "h5Example": "Sub-section Title",
    "h6Example": "Small Title",
    "bodyExample": "Lorem ipsum dolor sit amet, consectetur adipiscing elit. Vestibulum nec leo lorem. Donec in ligula vitae leo suscipit hendrerit. Vivamus commodo felis id nisi semper, ut pellentesque nunc sollicitudin. Nam at ligula lacus. Pellentesque lacinia justo feugiat, maximus nisi nec, venenatis neque. Aliquam tempor nec diam sed lobortis. Nam fringilla tempus posuere.",
    "smallExample": "Lorem ipsum dolor sit amet, consectetur adipiscing elit. Vestibulum nec leo lorem. Donec in ligula vitae leo suscipit hendrerit. Vivamus commodo felis id nisi semper, ut pellentesque nunc sollicitudin. Nam at ligula lacus. Pellentesque lacinia justo feugiat, maximus nisi nec, venenatis neque. Aliquam tempor nec diam sed lobortis. Nam fringilla tempus posuere."
  },
  "icons": {
    "title": "Icons",
    "license": "You may copy and redistribute icons as long as you are abiding by the <0>Community Code of Conduct</0> and <1>Brand Policy</1>. You may not remix or transform the icons.",
    "headline": "Used to simplify the complexities of Celo technology, icons are useful visual tools that can educate, clarify, and instruct in ways simple text can not.\n\nCelo icons have descriptions that act as guidelines. While some descriptions are specific, many icons have multiple meanings and we encourage the Celo community to find new culturally appropriate applications for them.",
    "searchPlaceholder": "Ex. Stable Coin",
    "searchLabel": "Explore Icons",
    "matching": "One Matching Icon",
    "matching_0": "No Matching Icons",
    "matching_plural": "{{count}} Matching Icons"
  },
  "exchangeIcons": {
    "license": "These assets may only be used to represent Celo assets on exchanges. The use of the Celo Exchange Icons requires following the Celo Community Code of Conduct as provided <0>here</0> and <1>Brand Policy.</1>"
  },
  "keyImagery": {
    "title": "Key Imagery",
    "headline":
      "Used to tell a story, key images are visual tools that bring the text to life. These images help the user comprehend the material multidimensionally.\n\nImages have descriptions that act as guidelines for both accessibility and communication clarity. Most images can have multiple meanings and we encourage the Celo community to find new culturally appropriate applications for them.",
    "license":
      "You may copy and redistribute illustrations and abstract graphics as long as you are abiding by the <0>Community Code of Conduct</0> and <1>Brand Policy</1>. You may not remix or transform them.",
    "illoTitle": "Illustrations",
    "illoText":
      "Illustrations show concrete ways that humans interact with an idea. They utilize current mental models to simplify a concept.",
    "abstractTitle": "Abstract Graphics",
    "abstractText":
      "Abstract Graphics are visual tools that use coins to animate an idea. They can be dynamic or static.",
    "errorMessage": "Images could not be found"
  },
  "downloadAssetBtn": "Download",
  "licenseTitle": "Usage & License Note"
}
