{
  "coverTitle": "Celo Test Wallet",
  "coverSubTitle": "Temporarily Not Available",
  "getStarted": "Get Started",
  "coverAction": {
    "faucet": {
      "title": "Testnet Faucet",
      "text": "If you already have an account, faucet yourself to get more Celo Dollars.",
      "link": "Get Testnet cUSD"
    },
    "payments": {
      "title": "Send and Request Payments",
      "text":
        "Account start with 10 cUSD of Testnet funds. Try sending and requesting payments. Use the faucet page if you run out."
    },
    "exchange": {
      "title": "Exchange cUSD and CELO",
      "text":
        "Check the exchange rate and swap between Celo’s stable coin (cUSD) and variable value token (CELO) as you see fit."
    }
  },
  "availableOnAndroid": "Available today for Android",
  "haveAccount": "Already have an Alfajores testnet account?",
  "useSeed": "Use your seed phrase to import your account into the Celo Test Wallet.",
  "learnMore": "Learn More",
  "downloadDirect": "Go straight to download\nfor your Android or Apple mobile phone"
}
